"","a√±o","mes","carbon","gas_natural","petroleo","gasolina","petroleo_2000_ene_transformada","carbon_2000_ene_transformada","gasolina_2000_ene_transformada","gas_natural_2000_ene_transformada","ipc_mes"
"1",2000,"ene",79.0655356855606,100.889289837694,95.9364143996833,61.648439375084,95.9364143996833,79.0655356855606,61.648439375084,100.889289837694,40.3
"2",2000,"feb",81.4008973377534,104.31567290084,93.7557952839529,72.6444077453968,91.6410029091269,79.5647868714883,71.0058120819668,101.962687797814,41.23
"3",2000,"mar",76.8245350354533,112.149037167815,94.6163928024931,68.2994689902892,90.9382454075953,73.8380339119668,65.6443739639555,107.789320244764,41.93
"4",2000,"abr",76.1664479515954,105.957520696972,94.4181169936705,64.6591440348203,89.8477004685932,72.4795242609042,61.5292445006672,100.828526188618,42.35
"5",2000,"may",77.6111355526865,110.788833896557,91.3722159467783,65.1685882577637,86.4998896559822,73.4726042464944,61.6935425602038,104.881137092583,42.57
"6",2000,"jun",78.9509461039592,107.458955674309,92.5650875210301,66.1571562392947,87.6497421780431,74.7585321426118,62.6441117585427,101.752723535588,42.56
"7",2000,"jul",77.4658179918112,103.17765545491,97.5998321505617,69.4482695068599,92.4388539522359,73.3695056420679,65.775916830234,97.7217277281525,42.55
"8",2000,"ago",74.4175226936201,109.88089836333,97.193490456321,65.7645068713116,91.7736097795159,70.2677170701239,62.097226497513,103.753519307456,42.68
"9",2000,"sept",74.6833783395651,103.711654576041,96.1313969106198,68.0453443022818,90.3895309262244,70.2225885927315,63.9810400229108,97.5170247180223,42.86
"10",2000,"oct",77.5207141936666,101.327504950408,100.322624510781,70.8332830773426,94.1766076819122,72.7715998603486,66.4938576290917,95.1199266131247,42.93
"11",2000,"nov",78.7810989578348,109.317865058915,98.1932965278247,65.4023037838241,91.8781019287517,73.7143786394414,61.1960260619482,102.287205987329,43.07
"12",2000,"dic",74.2106712948176,105.558881404254,96.2564820150584,69.4893249259312,89.6495545460331,69.11694137234,64.7196624570147,98.3134485923608,43.27
"13",2001,"ene",77.2718082192869,106.368601389722,96.9853944550735,66.4752766319124,89.3987053188349,71.227215719059,61.2752435559485,98.0479102471589,43.72
"14",2001,"feb",80.9118651915721,102.819173642646,99.1591642474651,75.0892999244089,89.6995357839022,73.1930003865399,67.9258986970523,93.0103860336398,44.55
"15",2001,"mar",76.6471729190846,104.681991705482,95.6489853634593,70.3901200011205,85.2610951149615,68.3229610404581,62.7454509189373,93.3130782068331,45.21
"16",2001,"abr",83.3060466541118,99.3033815902402,96.7057496305746,68.522536998963,85.2228670481556,73.41425060487,60.3861412870809,87.5120550642178,45.73
"17",2001,"may",76.184913546476,104.961414312306,91.8139858265307,74.8261928876201,80.5771696169248,66.860888848497,65.6684576082555,92.1155269334914,45.92
"18",2001,"jun",78.3103377891166,101.847957125693,100.127129840826,72.7350752879748,87.8346393684216,68.696269327414,63.805475274388,89.3442027027735,45.94
"19",2001,"jul",82.539047130718,113.999956426072,99.0595670599542,73.0734281163849,86.803664981869,72.3271058788418,64.032597370957,99.8955913018196,45.99
"20",2001,"ago",76.4396800475039,109.571531999767,95.6306613545026,69.0583673893552,83.5809076683248,66.8080482740058,60.3568034220563,95.7651862847668,46.11
"21",2001,"sept",76.8424684065612,106.473310922472,99.4872193969362,67.725485628924,86.632129250141,66.9133854102077,58.9744397330518,92.7155235560855,46.28
"22",2001,"oct",75.2808166147811,112.83324341925,96.3816505233865,72.6384474279479,83.764945354593,65.4262865985697,63.129813054697,98.0629654905276,46.37
"23",2001,"nov",79.1426658053044,112.236843042205,102.959027518726,74.1186551836816,89.38493772091,68.7085185685861,64.3468721219812,97.4395686040689,46.42
"24",2001,"dic",79.9779857953285,102.438642589512,101.036771055146,64.827258708858,87.4148105092828,69.1952088353744,56.0871302268565,88.6276791832835,46.58
"25",2002,"ene",80.6139841008613,109.321999225934,93.4034581151228,75.1106487850725,80.1737883288487,69.1958159587797,64.4719732915532,93.8376265986184,46.95
"26",2002,"feb",83.4823416238165,110.496746435769,98.8427834700067,78.2643777586746,83.7897386167705,70.7685815616282,66.3452760554183,93.6688868607801,47.54
"27",2002,"mar",80.8244445271572,111.051622941502,99.9120431020373,70.6111363208913,84.1122903073345,68.043140055242,59.4449298878613,93.4902946426265,47.87
"28",2002,"abr",75.7670914945627,108.591395362906,97.0080748769275,69.4938744556562,80.9237304396642,63.2045909176336,57.9714994941616,90.5864879553943,48.31
"29",2002,"may",78.647914768985,105.258707822134,91.2483688339784,74.5071083432707,75.6647996709739,65.2162750039114,61.7826433381442,87.2824264451026,48.6
"30",2002,"jun",77.0323167258097,112.150104281371,95.3831252865835,72.3456672900977,78.7531233159048,63.6017693925452,59.7322350295214,92.5967875955597,48.81
"31",2002,"jul",80.2695113498359,115.712328567182,94.3885281594185,75.3023262669188,77.9159706027154,66.2609854034901,62.1606667053836,95.5183703657808,48.82
"32",2002,"ago",83.8494816739707,107.264367622807,100.354091207965,74.4258577809056,82.7556757863923,69.1453675355232,61.3743005641599,88.4541439574198,48.87
"33",2002,"sept",76.4932047039713,110.246327969257,98.8923818066085,74.2270118216798,81.2675976102431,62.8604435067301,60.9981357343739,90.5980223727782,49.04
"34",2002,"oct",78.0282253061331,108.442777651727,101.685437060762,75.5876729512587,83.0884654004196,63.757856444387,61.7636500392483,88.6099744396713,49.32
"35",2002,"nov",80.624516488918,105.820231512743,98.8265338135655,78.9466195248801,80.1349962311205,65.3756139739114,64.015065731442,85.8059422527879,49.7
"36",2002,"dic",78.9016017084286,114.723922445851,98.7912445440946,79.133419023277,79.8973942429664,63.8116505889961,63.9991327842276,92.782943499253,49.83
"37",2003,"ene",79.1214554143665,104.328640768833,102.207835400951,80.0591043280894,81.6932916830292,63.2406714240177,63.99012107144,83.3884217172548,50.42
"38",2003,"feb",82.8384594453279,108.028213515098,94.2811822107449,76.1321894310408,74.5298478441157,65.4843059169618,60.1829586910739,85.396959683375,50.98
"39",2003,"mar",85.326566483769,108.231296372091,99.436953760264,73.5734618164581,77.7967236757647,66.7571467539486,57.5618425782035,84.677174214624,51.51
"40",2003,"abr",80.2113788036476,110.652445980275,93.7825572052424,79.2809805222465,72.5419780301587,62.0445022223992,61.3248275440793,85.5910474665085,52.1
"41",2003,"may",82.0723414615622,114.661446074373,101.643292733416,81.6353764123092,78.2319460877896,63.168742568773,62.8324230216971,88.2516477615973,52.36
"42",2003,"jun",79.4084338508546,106.003556671369,96.9703513326279,78.3138525370353,74.6781035487274,61.1534470512028,60.310496029859,81.6346901176417,52.33
"43",2003,"jul",82.5682860104387,113.832317613999,99.6610817687865,79.5636773795166,76.8530730057806,63.6720613513334,61.3550745961446,87.7811404486064,52.26
"44",2003,"ago",81.8397157580315,104.864720457574,96.5658624184158,79.1316141255007,74.2389213174772,62.9175991043241,60.8356361933933,80.619004853877,52.42
"45",2003,"sept",81.4231402519838,108.067253860326,99.0348526225472,76.6785466758658,75.9776234663745,62.4662583695973,58.8262979447438,82.9071069973564,52.53
"46",2003,"oct",81.173488732208,111.369848414109,102.295909237141,80.1853934075924,78.4346488252814,62.2391856146877,61.4815706683024,85.3920260861601,52.56
"47",2003,"nov",84.5982147478041,113.530990182763,100.288521029368,77.3215176671756,76.618528862247,64.6314323096968,59.0721736869607,86.7355242533715,52.75
"48",2003,"dic",79.0928850329908,110.996127069578,99.054549964771,83.1790871814795,75.2194905517292,60.0611129984836,63.1640703488529,84.2876186339554,53.07
"49",2004,"ene",87.0694624715196,106.772057439785,97.5086425090528,81.7949454338374,73.3955602001275,65.5379032051222,61.5677306870311,80.3682090927035,53.54
"50",2004,"feb",86.9373237596587,108.587827802935,99.2527327110193,82.1961018583918,73.8258606174617,64.6654512276531,61.1388502195125,80.7694621716182,54.18
"51",2004,"mar",84.236699330048,107.895391026809,100.685814273705,78.1058609231171,74.1663007718941,62.0496980990849,57.5336537232977,79.4769559199487,54.71
"52",2004,"abr",85.298708109908,106.93967200368,104.511878773983,81.883169463013,76.634438038419,62.5461778899071,60.0416981324495,78.4146430449111,54.96
"53",2004,"may",83.4348993226588,104.183658254992,101.523659216823,84.8363066868171,74.1599323262276,60.9466456897435,61.9703309675318,76.1029803820223,55.17
"54",2004,"jun",82.1144902677462,105.81830404193,100.040336951756,85.9455323897675,72.6288160539682,59.6147353231881,62.3960539597843,76.8235930983568,55.51
"55",2004,"jul",88.3301735994913,104.762464495521,97.5236841805516,83.1687497797351,70.8272566674397,64.1504054074518,60.4018853148914,76.0844714213279,55.49
"56",2004,"ago",84.4554868371827,109.050974527161,99.0438035696365,88.375306706914,71.905337486153,61.3142878677439,64.1600587333568,79.1704967293203,55.51
"57",2004,"sept",82.2198869463771,103.504327881758,104.563288333586,83.8734698763614,75.6942791421505,59.5196954183401,60.7167385668648,74.9276884073079,55.67
"58",2004,"oct",84.2345917527684,110.70087993214,100.557218509008,80.8114569655361,72.8073285288004,60.9891133244083,58.5106308967141,80.1517330446505,55.66
"59",2004,"nov",84.1424593575733,114.173083046872,99.5713494543775,84.9315586670395,71.8868753674563,60.7477805824114,61.3174814453904,82.4287933856848,55.82
"60",2004,"dic",86.2058626221565,112.973726350805,97.3008455388797,81.5124508515385,70.0343646225549,62.0485133715468,58.6703298681372,81.3152557945603,55.99
"61",2005,"ene",84.544773176101,111.370762723825,99.1165341981169,85.5581706409589,70.7598995249621,60.3570302745238,61.0805009181691,79.5082681624476,56.45
"62",2005,"feb",82.4749358546887,113.085251660477,100.060336381994,82.4315555236768,70.7195993720512,58.2907736749203,58.2601137776951,79.9252129413755,57.02
"63",2005,"mar",83.056516430384,110.701378432795,100.446451080499,86.3835729441359,70.448868404875,58.252307903663,60.5857638295976,77.6412382673452,57.46
"64",2005,"abr",90.2255978670282,104.207217935293,104.581886762418,84.6640815346037,73.0188849016881,62.9953498621143,59.1123091795656,72.7572918016683,57.72
"65",2005,"may",86.356231007882,111.724167482165,104.330334613666,83.6347309923196,72.5541412412554,60.054462633609,58.161857791035,77.6960129341025,57.95
"66",2005,"jun",83.001287634006,105.831911388954,101.865522999886,85.8358495498641,70.5599961652701,57.4931572989075,59.4565956833882,73.3074257300594,58.18
"67",2005,"jul",85.5926876691727,108.369800072737,100.738943186666,87.1826271054918,69.7436765233232,59.2576071648799,60.3583554776038,75.0266782843381,58.21
"68",2005,"ago",87.6116689817199,113.028041997046,100.432854735315,87.7548353183744,69.5317650890432,60.6553901385211,60.7545071865743,78.2516765586833,58.21
"69",2005,"sept",86.0974479853031,108.152023734408,101.149431422056,88.6196470941541,69.728396960466,59.3521579508675,61.0908617498189,74.5557057218035,58.46
"70",2005,"oct",82.249861518838,114.358812847693,102.150150978932,83.3711997904346,70.2500185059891,56.5643245598835,57.3354838149234,78.6460777775089,58.6
"71",2005,"nov",86.3429327493813,109.141555078931,101.807583245511,87.4898081118334,69.942816310844,59.3184485134686,60.1063632271887,74.9813274749561,58.66
"72",2005,"dic",86.078634590169,114.320204986255,99.6551359015729,90.2600654179453,68.4174101675194,59.0965753659934,61.9673021523543,78.4855921796609,58.7
"73",2006,"ene",84.4139192198964,110.806860819768,105.317643880017,84.6780043520159,71.91292864054,57.6394602602817,57.8197827073237,75.6610723659207,59.02
"74",2006,"feb",82.9915443154418,113.086986799775,102.975241155889,86.3145444202403,69.8519141320036,56.2962335618971,58.5503474185438,76.7110851377028,59.41
"75",2006,"mar",88.2822995968744,114.571918170891,100.66731755301,85.9333659199271,67.8070014605767,59.4647613864957,57.8825780807799,77.1727946228802,59.83
"76",2006,"abr",90.2388359973673,109.41564698486,98.272181796534,89.4926506251252,65.9072878415763,60.5196387201515,60.019201534241,73.3807717338968,60.09
"77",2006,"may",90.5420656578003,111.632582523974,99.2068514567589,87.2864571382508,66.3134203633668,60.521566528601,58.3454009399819,74.6192250077318,60.29
"78",2006,"jun",88.1076894439943,107.919071751534,101.232584985248,92.8260433691833,67.4549136062417,58.7093234886404,61.8533324698758,71.9103603106284,60.48
"79",2006,"jul",84.1194749803967,117.144950700707,100.368990211501,93.2932919043922,66.6041545450931,55.8210907576155,61.9087710150997,77.7365636956771,60.73
"80",2006,"ago",88.3203799626203,111.396575068903,98.3368707255316,89.2275866624209,65.009447018355,58.3876527640026,58.987397350649,73.6430770222571,60.96
"81",2006,"sept",88.0736344941236,108.236320987626,103.89729376181,86.5166898831049,68.4831687700512,58.0531153109777,57.0268662461421,71.3432079784317,61.14
"82",2006,"oct",89.3968256270279,113.834070360663,102.112969429998,89.9859532230696,67.4062681085819,59.0121551641151,59.4010469269403,75.1435386655975,61.05
"83",2006,"nov",88.8671788729284,112.963359210806,106.200545053852,91.1856252705617,69.9441406385068,58.5283103216051,60.0552491976407,74.3981594410112,61.19
"84",2006,"dic",88.9038167620114,114.683651560292,98.3471996744116,90.4230202468689,64.6240363097797,58.4187806213771,59.4170506432222,75.358734027063,61.33
"85",2007,"ene",87.9483043828606,117.334679975494,102.626491518295,90.3855861579994,66.9231004561048,57.3514023726421,58.9407624946177,76.5143625082914,61.8
"86",2007,"feb",85.9773493645841,113.568157085339,101.176547755968,88.4844875631329,65.2073384705823,55.4115973035781,57.0274244169879,73.1936147535446,62.53
"87",2007,"mar",91.0290109194647,110.388717692493,104.336870394224,93.1981170957032,66.4366547146032,57.9628557442634,59.3440372721889,70.2901773267101,63.29
"88",2007,"abr",80.8332788276021,113.227886350851,104.250060570269,94.6337924096982,65.7991768360504,51.0192817032477,59.7297076603107,71.465682379629,63.85
"89",2007,"may",86.288132571554,114.504494985625,105.085236521617,93.7402791915167,66.1192042438904,54.2921427421331,58.9810031447014,72.0457634335782,64.05
"90",2007,"jun",88.1472421072947,111.625892079141,103.512902662341,93.7728250065259,65.058795653343,55.401339003805,58.9370687424048,70.1578828881689,64.12
"91",2007,"jul",87.7955623620244,117.209982798792,102.403438543466,89.1550870813327,64.2512622341846,55.0858035682638,55.9388137844887,73.5413717389278,64.23
"92",2007,"ago",87.8589036401361,117.338393849715,106.369654172309,91.7256122186673,66.8334434540698,55.2028970486044,57.6324005677002,73.7252459018321,64.14
"93",2007,"sept",91.1484439747878,110.997331079583,106.815519416471,95.2050299055129,67.050863434327,57.2162350807468,59.7626589593796,69.6758947431029,64.2
"94",2007,"oct",89.1260569418306,115.225260234668,105.0706077646,92.7749368982432,65.9555372727941,55.9467304479092,58.2372267445359,72.3298751940363,64.2
"95",2007,"nov",93.7530275024463,112.150834144003,97.7943441029247,92.9019512979873,61.0930408827758,58.5683926267026,58.0367173664376,70.0616744071201,64.51
"96",2007,"dic",90.7042879683969,114.313199794488,100.999995642574,93.7370856959097,62.7938880653459,56.3928232818018,58.2783794129152,71.0709958611212,64.82
"97",2008,"ene",89.1651752829229,114.470315340772,111.373417961391,98.0356124322928,68.5139481582055,54.8520311998442,60.3088869030896,70.4190766025508,65.51
"98",2008,"feb",92.1195738150558,118.830553569199,106.63580089907,92.641687399878,64.6228988907147,55.8258469886729,56.1422556724073,72.0131023885523,66.5
"99",2008,"mar",92.8415545158096,118.170131064493,105.547542211637,92.9326885672502,63.4481794619475,55.8101826817889,55.8649664269121,71.0360423910958,67.04
"100",2008,"abr",89.608104496654,117.492323785588,104.205508536977,95.9866970329352,62.2053324550463,53.491432546514,57.2991244323402,70.1368782189184,67.51
"101",2008,"may",94.9351908124933,108.018980578708,97.9549898379719,101.495068928241,57.9334618501654,56.1474638940928,60.0271687380114,63.8856019565886,68.14
"102",2008,"jun",91.5428576676428,113.394078643366,104.084876142359,96.1814952633642,61.0304162452651,53.6763736942529,56.3962499507286,66.4888894125949,68.73
"103",2008,"jul",92.3023765169213,113.649574993407,108.147256143762,95.695222488223,63.1093892643151,53.8631012689245,55.8429983532491,66.3202703769808,69.06
"104",2008,"ago",86.9637679962297,117.841460765428,100.7142194978,97.2054753956259,58.6614112698561,50.6524042527541,56.6177288400596,68.6372433711046,69.19
"105",2008,"sept",90.4498035940621,114.051459548352,106.029922832745,99.5987179703173,61.8738182762758,52.7820313472445,58.1208852331854,66.5547903243354,69.06
"106",2008,"oct",86.9099095740638,112.624953502518,103.738741824788,99.0853406191269,60.327147121774,50.5406833453791,57.6210566659569,65.4947420801081,69.3
"107",2008,"nov",94.9328399392352,115.349619623163,104.822745892123,97.3604473761438,60.7908570938632,55.0553093905768,56.4631749785379,66.8958076099218,69.49
"108",2008,"dic",91.5566144674956,119.139762972871,105.058008534024,100.751341336722,60.6567012023088,52.8614837111758,58.1701870468468,68.7869978195805,69.8
"109",2009,"ene",88.7421131117324,112.763771759512,103.985063219893,98.4029100444312,59.6866265170444,50.9372903917222,56.4825135278533,64.7255376998766,70.21
"110",2009,"feb",93.8689083794866,117.565385167313,98.6609766125259,103.946865241635,56.1587197384858,53.4310311821089,59.167495328219,66.9192799751796,70.8
"111",2009,"mar",95.9974080849821,115.161432210999,102.88725598284,99.9777970799828,58.2762672678629,54.3737954437776,56.6283235744667,65.2284710906996,71.15
"112",2009,"abr",84.7422407843648,119.881533530757,106.004367206151,96.9856854737178,59.8483608630975,47.8441062427837,54.7565582038502,67.6831857843864,71.38
"113",2009,"may",93.8512488611675,121.822234834006,106.257347855866,99.8684295234722,59.9827863649168,52.9794835285761,56.3762110911322,68.7692402830991,71.39
"114",2009,"jun",89.5038728457201,115.836815783384,105.909465792068,100.488092075565,59.8199225146508,50.5536941230907,56.7578151456938,65.4271012763892,71.35
"115",2009,"jul",94.130349457975,114.639842613499,104.232471540401,99.9479688258902,58.8974846197162,53.1891907341053,56.4764882737433,64.778262161021,71.32
"116",2009,"ago",89.8609624937063,115.230295833744,107.234249795415,102.136591777132,60.5681887421895,50.7553859635089,57.6889228958431,65.0845258878752,71.35
"117",2009,"sept",93.3777167305785,118.91366204825,110.662210733659,101.396201019042,62.565756068553,52.7935182974511,57.3269767265346,67.2309284588169,71.28
"118",2009,"oct",96.988828923536,113.917625866108,105.95648337452,100.409252745621,59.9809844078263,54.9044782359671,56.8407484990665,64.48771347667,71.19
"119",2009,"nov",92.0795638001524,116.559049993666,107.678541049274,98.0811412747255,60.9986674766061,52.1620244749247,55.5618497803126,66.0293746801344,71.14
"120",2009,"dic",91.4102145850697,112.744497883531,102.291249152046,99.7005254261021,57.8979963599361,51.7392085362122,56.4316176217966,63.8146525941894,71.2
"121",2010,"ene",89.8994210408905,117.714729283629,107.67232277059,101.93492192728,60.5271949735634,50.5362905279381,57.3019577858752,66.1724590616581,71.69
"122",2010,"feb",94.5470943572652,121.167944476954,99.0438891152943,103.549561650136,55.222312276513,52.7151065661011,57.7344678265146,67.5576668846324,72.28
"123",2010,"mar",93.7089877036268,111.692659098883,105.992595975884,102.015116084954,58.9497877149895,52.1180265588761,56.7376370166109,62.1199856705078,72.46
"124",2010,"abr",91.4315339668985,114.869937288654,101.943493814474,101.918607375305,56.4407583558632,50.6208382863856,56.4269800415548,63.5974511984168,72.79
"125",2010,"may",90.8556056083302,119.284033067544,103.082279545019,101.064295957336,57.0085887973689,50.246753204552,55.8925638408213,65.9688010514892,72.87
"126",2010,"jun",93.7514087738003,119.556858212272,108.421113456805,104.741593991666,59.8954197712027,51.7913882602351,57.8627311564651,66.0471745847094,72.95
"127",2010,"jul",89.6347451153033,115.855602631058,106.569736399108,104.580044362348,58.8968784542519,49.5375785538497,57.797254358237,64.0288094628582,72.92
"128",2010,"ago",90.0584580274996,116.956148272164,108.829191315759,106.591762269085,60.0796768496587,49.7172035412087,58.844493417043,64.5662024023041,73
"129",2010,"sept",99.2099972253288,119.745283763214,104.742033883986,102.090383714462,57.9026607067854,54.8444840628361,56.4367964841266,66.1966383492117,72.9
"130",2010,"oct",93.3806209286386,116.818067393652,108.96950644101,101.445040664049,60.2892793735956,51.6644566642523,56.1262374898569,64.6316325640329,72.84
"131",2010,"nov",93.3558156376549,116.941186709736,102.391294231269,103.469763869327,56.5410956086618,51.551649358694,57.136633104054,64.5756347547597,72.98
"132",2010,"dic",97.9339651249908,117.012200251659,109.853054605286,105.51488416003,60.2733573940508,53.7336799800834,57.8931222824944,64.2013842088748,73.45
"133",2011,"ene",99.3199306064761,120.769769459773,109.705233052727,105.354075167823,59.6481501892187,54.0015272995276,57.2823695259478,65.6640813441562,74.12
"134",2011,"feb",94.0643706618591,118.803720033469,105.86203666315,109.174335060798,57.2112119823647,50.8353780028553,59.0012833974811,64.2053093381895,74.57
"135",2011,"mar",98.027918256022,118.12862157465,105.876491370709,109.761795835001,57.0659703389004,52.8356975487185,59.1600959228373,63.6696997386436,74.77
"136",2011,"abr",96.0882616943383,112.412998380851,107.339668473811,103.770323865401,57.7850472815201,51.727984855488,55.8635326178957,60.5162147308081,74.86
"137",2011,"may",94.2431376908992,114.327283833359,107.104020465007,105.243945606316,57.4968965597413,50.5927594104601,56.4983483140338,61.3745775740556,75.07
"138",2011,"jun",96.3864944335069,116.549603892957,111.404650912233,107.279790389302,59.615023659049,51.5784852698224,57.4077221177648,62.3681986042511,75.31
"139",2011,"jul",98.3144289701079,121.918858866204,109.989261426142,107.177319306748,58.7717745355808,52.5334326106517,57.2692385051969,65.1462478428535,75.42
"140",2011,"ago",94.9186077960375,122.515831484549,106.94548178772,103.597639871919,57.1680981037953,50.739088661365,55.3784969735817,65.4912854334435,75.39
"141",2011,"sept",99.8250232737946,115.489572666438,105.109357548807,104.144645130364,56.015698349867,53.1995297267115,55.5015762860841,61.5476035236371,75.62
"142",2011,"oct",98.8265201440047,114.602975282939,110.551421718438,107.129179155607,58.7992912135815,52.5631353016153,56.9790935722706,60.9542022423445,75.77
"143",2011,"nov",93.8498231536554,120.272267911688,104.241244166826,104.10282927736,55.3700031622917,49.8503739698473,55.2964810844552,63.8852299570453,75.87
"144",2011,"dic",96.2942989228956,115.424090780455,106.88416705437,108.376010276825,56.5353974575549,50.9339840739296,57.3244942138872,61.0525115953845,76.19
"145",2012,"ene",97.1752993217828,122.23440906272,110.862100838889,113.571229090916,58.2116307987915,51.0249454419263,59.6341437441552,64.1830187000341,76.75
"146",2012,"feb",95.7162742071664,119.199081270543,110.960293944472,108.457429827603,57.9085709137816,49.9529377175447,56.6023623679411,62.208274737152,77.22
"147",2012,"mar",96.9083367616613,122.86588976893,107.989180515064,109.34095868099,56.2923809954349,50.5161812378082,56.9970331760949,64.0472818223759,77.31
"148",2012,"abr",94.6847109652878,116.324997422237,112.116597554299,111.019096418824,58.3608742112925,49.2869265293348,57.7895839018162,60.5515034373049,77.42
"149",2012,"may",99.4471677780784,117.024202268812,111.47069701705,110.612895667532,57.8453398118349,51.6059858544497,57.400202104063,60.7272128693423,77.66
"150",2012,"jun",97.5653739780916,118.61539420478,107.062749389561,111.350953620737,55.515038605241,50.5903830586347,57.7385927806963,61.5054089867811,77.72
"151",2012,"jul",94.1005923722276,124.233314303372,107.574303636871,108.465241495904,55.7946516932546,48.8063561467281,56.2567468762539,64.4350394649404,77.7
"152",2012,"ago",95.3568911493313,125.113804864779,114.679528749932,110.113268571425,59.4569022079282,49.4388616147955,57.0894728345353,64.8666709899728,77.73
"153",2012,"sept",97.0636569316809,117.397066659251,105.936224229721,114.569681148697,54.7617988257792,50.1752869977776,59.2247069047265,60.6862722725475,77.96
"154",2012,"oct",104.662753533093,121.099514974603,112.982470123633,112.179169467388,58.3144665212912,54.0203505044013,57.8998530934394,62.5039760947297,78.08
"155",2012,"nov",96.4326607537642,114.410406405543,112.831724068819,117.006232423737,58.3113423951451,49.8363199330174,60.4687248868505,59.1272041311025,77.98
"156",2012,"dic",93.8093435226137,120.837944469051,107.505055510886,115.828831499576,55.5086961830713,48.4371113896391,59.8065587371291,62.3929424997149,78.05
"157",2013,"ene",101.927348240152,121.419214310109,109.714154611131,110.659700078006,56.4828874658734,52.4740947122911,56.9696718592701,62.5088699118215,78.28
"158",2013,"feb",99.7678050425775,121.360448329248,110.191231223131,113.243188974765,56.4759839538624,51.1336963400213,58.040194781674,62.2005095722838,78.63
"159",2013,"mar",101.861390298566,120.508658508989,107.279217100185,110.102502217353,54.8718422279152,52.1006984266048,56.3159136864998,61.6385193287503,78.79
"160",2013,"abr",98.9410212136557,118.719096372789,107.624766723588,107.224344674972,54.909204949495,50.4788347247794,54.7049131586449,60.5694339007901,78.99
"161",2013,"may",101.816919763075,118.138006546564,111.341506412338,115.7180756706,56.6476796921753,51.8018162662784,58.8743649731748,60.1055632347752,79.21
"162",2013,"jun",102.033748430427,111.661520354558,106.74907096417,117.432309827584,54.1880282133272,51.794433325938,59.6110604112815,56.6816887553682,79.39
"163",2013,"jul",103.302426312395,115.450427823718,107.749751864772,115.776228546127,54.6684502096223,52.4120329899221,58.7408033540088,58.5755034784821,79.43
"164",2013,"ago",103.326487995365,127.959576174946,106.238441914907,114.627491668644,53.85420388894,52.378081336015,58.1067662169353,64.8650430169853,79.5
"165",2013,"sept",98.7171933020621,125.635441555446,111.421988715629,113.560747044518,56.3189031135064,49.8971891392587,57.399951158837,63.5031769056124,79.73
"166",2013,"oct",101.916917758013,122.714947948965,112.77800083877,118.51450986925,57.1548470045576,51.6505506243452,60.0620566867554,62.1907998282606,79.52
"167",2013,"nov",100.262959994426,123.322429157016,111.495229743546,117.265279617133,56.6258066624438,50.9212008541318,59.5562793770696,62.6325632643699,79.35
"168",2013,"dic",102.778629971827,120.625341806948,114.849795069908,116.134544807861,58.1755497903129,52.0610707373632,58.8263217164003,61.1010718303168,79.56
"169",2014,"ene",100.962923445504,126.92200107858,112.862256751223,112.802396304371,56.8899180372019,50.8918801107419,56.8597444786259,63.9769436331054,79.95
"170",2014,"feb",103.92366275185,114.314908121279,111.159518575262,117.798902789263,55.6833884224123,52.058714840268,59.0092701355788,57.2640248264453,80.45
"171",2014,"mar",102.428402394825,130.539584170079,102.087365395193,114.494165684689,50.9362489219545,51.1064085243462,57.1265925107462,65.1324160214706,80.77
"172",2014,"abr",99.2641342999475,124.298839957758,109.479197494726,115.590716582848,54.3752977451007,49.301757607689,57.4107207085132,61.735805401746,81.14
"173",2014,"may",101.231985916123,127.884974573265,111.202563612752,119.403549525436,54.9670466526911,50.038624217095,59.0207659251205,63.2131053023742,81.53
"174",2014,"jun",95.9651871295583,120.786527133778,113.862804307816,113.676555173459,56.2268228600046,47.3887641382331,56.1348507963535,59.6458405035074,81.61
"175",2014,"jul",103.691089783462,129.037589961154,110.946084176297,117.37838830512,54.7060711159275,51.1287277410196,57.8777566217588,63.6267573159733,81.73
"176",2014,"ago",100.770830855066,125.494662935219,111.130795435721,120.278191391558,54.6834072778943,49.5856469286834,59.1845068752112,61.7513420792346,81.9
"177",2014,"sept",105.480463871996,124.189275061932,107.978046677336,117.220120105411,53.060788697679,51.8334677971156,57.6023758108532,61.0270428605763,82.01
"178",2014,"oct",100.177721351858,127.555159053838,110.832707750518,119.019394436711,54.3773815722652,49.1497707630858,58.393980956896,62.5818469670035,82.14
"179",2014,"nov",102.437283805901,120.204589633608,109.298342748988,115.051462829927,53.5528658089267,50.1911554696388,56.3717197817148,58.8965952855248,82.25
"180",2014,"dic",101.778767916451,118.755002960976,111.354189717406,120.256539275694,54.4146216273974,49.7354716506971,58.7648664097306,58.0311218543388,82.47
"181",2015,"ene",105.078850233549,123.673450134014,110.935847370205,116.011053973651,53.8640319158945,51.0202128242412,56.328258736604,60.0486751855513,83
"182",2015,"feb",107.995023370482,121.938511551185,115.454228934642,119.535731528227,55.4169298006917,51.8365822037924,57.3760121556402,58.5293236721384,83.96
"183",2015,"mar",101.818203153453,117.589892565547,115.704544856565,121.288454935238,55.2148390493734,48.5882011496049,57.8795113545302,56.1145372456074,84.45
"184",2015,"abr",100.610606826939,123.641477640455,110.283284359895,123.837059294023,52.348838159055,47.7574494125519,58.7824910429813,58.6896531084845,84.9
"185",2015,"may",100.378356522048,116.139669919632,109.682033946041,121.001266690905,51.9288765040583,47.5240574229153,57.2879587364132,54.9862394003898,85.12
"186",2015,"jun",103.485343911811,121.039697071664,110.325700940728,119.366049295605,52.1784502747488,48.9433089971365,56.4540756555906,57.2456260061972,85.21
"187",2015,"jul",102.160578835056,121.096414648238,114.457008499653,119.262126578002,54.0308942548438,48.2262074154009,56.2992116796706,57.1651108155558,85.37
"188",2015,"ago",105.106927258309,124.260687169674,111.142176680652,119.283894254459,52.2153149945241,49.3799156972472,56.0403466828479,58.3784762524814,85.78
"189",2015,"sept",100.625080376614,118.813335770524,112.096664441998,118.804759616731,52.2918807386562,46.9405109292459,55.4211345358751,55.4251352187997,86.39
"190",2015,"oct",102.395973548519,122.146775856565,111.478595562246,122.740914116236,51.6508093947861,47.4426044378628,56.8689220382191,56.5936429871187,86.98
"191",2015,"nov",105.836429582974,121.540939499368,112.718151170764,128.756248785701,51.9088274732234,48.7396653204645,59.2946729066822,55.9718873480121,87.51
"192",2015,"dic",105.857337879825,123.165820088506,114.573801287313,119.507985615705,52.4397977499,48.4503204606125,54.6981467383636,56.3723174283564,88.05
"193",2016,"ene",104.440363297936,111.26868180453,112.387824221051,124.712491945448,50.781806436914,47.1907909060076,56.3506382487001,50.2761282287538,89.19
"194",2016,"feb",103.12692422966,123.439231969908,110.799310005522,124.067354684825,49.432217349967,46.0092443978223,55.3516483316554,55.0714164550792,90.33
"195",2016,"mar",105.899649989771,126.606115971345,115.404641046748,121.17262869362,51.0068768829124,46.8058334567641,53.5562287382416,55.95773715338,91.18
"196",2016,"abr",108.298230460142,120.60857013905,110.323812441517,125.399146120713,48.5217684316616,47.6308925847837,55.1520854377906,53.0451312518142,91.63
"197",2016,"may",105.057610683654,125.607245858766,111.662338716323,126.175939159352,48.8598507086626,45.9698339907847,55.2105358102267,54.9616938991124,92.1
"198",2016,"jun",101.674966446236,119.340427615768,114.650694440285,126.080809353879,49.9289278792249,44.2781623922986,54.9065984110797,51.971247384001,92.54
"199",2016,"jul",103.199356901354,127.479892027866,113.552947125236,124.359280426902,49.1956973677381,44.7101062473079,53.8774349731686,55.2294092530962,93.02
"200",2016,"ago",106.364513703338,126.460781096099,115.854108179001,123.353247480311,50.3496232029952,46.2254923136475,53.6087121045675,54.9592308656615,92.73
"201",2016,"sept",108.163545775732,128.645180923649,111.472245809159,128.899412747246,48.4714232424376,47.0327027919939,56.049269893332,55.9387223912715,92.68
"202",2016,"oct",111.785346368883,122.933934967709,111.631991606098,124.790167759255,48.5723306167754,48.6390569927228,54.2976005257825,53.4899328352265,92.62
"203",2016,"nov",106.039892874959,126.74886129026,112.930099965798,122.68797735849,49.0788636754198,46.0844137049591,53.3195889954398,55.0844290951957,92.73
"204",2016,"dic",108.864771774875,118.208324017922,113.284552393549,124.365458587424,49.0319778913116,47.1190022825419,53.8280311574823,51.1630915897569,93.11
"205",2017,"ene",108.856362828469,122.688624518338,113.732581690658,123.801420338449,48.7235361128258,46.6345425958044,53.0370706882055,52.5603440851388,94.07
"206",2017,"feb",105.539735382672,127.414978269461,116.433544610403,122.693629823591,49.3871365940346,44.7663544460758,52.0424511303094,54.0450860357779,95.01
"207",2017,"mar",108.130824528632,130.625645256802,112.950162159703,129.542720256481,47.6837579618274,45.6491957731392,54.6885776905113,55.1457521878181,95.46
"208",2017,"abr",113.824275377231,126.142766785174,112.03355534325,129.194219422188,47.0748856254088,47.8273203805904,54.2855493974996,53.003372968851,95.91
"209",2017,"may",99.5404725960741,121.167863059419,114.359471877396,126.728922291565,47.9472192744389,41.7340932752995,53.1333288425934,50.8017569839219,96.12
"210",2017,"jun",102.10590883268,119.764088099831,119.268244091457,128.726538934925,49.9481475307672,42.7607619864598,53.9091709350252,50.1558012098431,96.23
"211",2017,"jul",105.240764993515,125.183080556238,114.115541556304,121.843080850396,47.8151000698591,44.096515171955,51.0529856339254,52.4524656520733,96.18
"212",2017,"ago",105.912341915052,119.415104652164,114.785546261331,128.583722454881,48.0259293431441,44.3134071758366,53.7990450055201,49.9629227313351,96.32
"213",2017,"sept",103.044718417236,122.475179838414,119.816864731845,123.338292263805,50.1102080603294,43.0957051911021,51.5829512062197,51.2219774542144,96.36
"214",2017,"oct",109.933661056916,125.110570588735,116.441867485849,131.423418700922,48.6936521705894,45.9720508518597,54.9586362316816,52.3187298404691,96.37
"215",2017,"nov",106.371497912991,130.2747786985,114.830524396727,131.226527446584,47.9302965633153,44.3994962806164,54.7739933308888,54.3767331077117,96.55
"216",2017,"dic",108.920196597185,125.900506516195,114.488980372824,130.095688788982,47.6053024043007,45.2897639585901,54.0946786854724,52.350293155207,96.92
"217",2018,"ene",110.083316374541,130.543474970128,112.591810232927,130.272544251621,46.5236332655283,45.4871080682251,53.8294220582418,53.9413723089937,97.53
"218",2018,"feb",108.03118340965,127.763151322027,111.177838401188,132.394807715157,45.6166451595182,44.3255619161974,54.3220398179679,52.4216554497829,98.22
"219",2018,"mar",110.941248043876,126.161919609355,119.289723760307,131.266653019469,48.8306334945696,45.413227995614,53.7333277469234,51.6437314398882,98.45
"220",2018,"abr",105.559191934531,122.34921240786,117.065614519202,126.381707094919,47.6973436975418,43.009154129629,51.4931027795494,49.8500986759354,98.91
"221",2018,"may",109.1574921189,126.17112839558,112.126531097072,129.374828865844,45.5697781687374,44.3631195279516,52.579725729059,51.277697401592,99.16
"222",2018,"jun",108.121145373926,124.814336741254,110.264535579974,133.032711653716,44.7453507589666,43.8755629701865,53.9846770682181,50.6496603632318,99.31
"223",2018,"jul",107.724502150325,118.027173009398,113.241735296561,133.527724254577,46.0137319263099,43.7719039792105,54.2565768043904,47.958208028622,99.18
"224",2018,"ago",104.800219733304,124.246031424646,115.823437377623,135.896452081992,47.0058864684614,42.5322140508775,55.1523365448567,50.4241195006369,99.3
"225",2018,"sept",104.546274301692,126.323433104673,115.387319070283,131.293255234508,46.7488585355624,42.3566387288448,53.1931053176907,51.179595396786,99.47
"226",2018,"oct",103.616788794905,120.928903655709,112.171733355001,137.2385462862,45.3913129250581,41.9294767389764,55.534826943808,48.9349815978019,99.59
"227",2018,"nov",108.209888735171,127.085387172228,114.123935313775,133.917327170121,46.1303369422781,43.7398045739961,54.131076077792,51.3695195891755,99.7
"228",2018,"dic",107.371058542567,129.581864992703,118.634023655765,137.991206066491,47.8095115332732,43.2705365926544,55.6104560447958,52.2214915920592,100
"229",2019,"ene",104.94816985492,124.516379519138,112.921669051125,131.626126279383,45.2360165284329,42.0418612838299,52.7289551596334,49.8808160499132,100.6
"230",2019,"feb",110.875920902049,128.992571414244,118.443827261762,136.823924916762,47.176183422109,44.1618858702567,54.4969774080402,51.3777488435861,101.18
"231",2019,"mar",103.98766923839,129.124371445872,114.220758677773,135.754098738967,45.2971518865799,41.2389595582278,53.8367464985277,51.2075592331101,101.62
"232",2019,"abr",112.886191994147,121.931752230174,114.782859227132,139.247236409305,45.2971918023249,44.5487028727393,54.9516610585096,48.118386357971,102.12
"233",2019,"may",109.910015205364,126.164850361241,115.766402514526,132.70571178387,45.5426202785572,43.2387115655618,52.2065617423855,49.6333802182545,102.44
"234",2019,"jun",110.649729600825,127.339861015887,114.208349544445,139.751717504558,44.8115712845988,43.4152867579909,54.8339423175317,49.963941183334,102.71
"235",2019,"jul",108.534845432211,122.781436416032,117.418316442913,134.422219013053,45.9681188328092,42.4903270926568,52.6249798545368,48.0677276818157,102.94
"236",2019,"ago",110.970906289402,119.764439790146,114.390287615034,134.39472819861,44.7435561572928,43.4060712749965,52.5682572687954,46.8456461568756,103.03
"237",2019,"sept",106.654829524536,121.667819167916,119.744325504334,136.315786049665,46.7334526227451,41.6249237830602,53.2009120453371,47.4841479030312,103.26
"238",2019,"oct",112.613768456741,127.212341496442,116.070100482848,135.19625408733,45.2250319004039,43.8783222353925,52.6772603666188,49.5664445741722,103.43
"239",2019,"nov",108.842345757463,131.786105078893,113.966971938835,139.720483005851,44.3584022516424,42.3637872708687,54.382223924433,51.2939929947786,103.54
"240",2019,"dic",111.17165700972,131.898136662403,118.974370988818,138.436997956197,46.1913983704179,43.1620209777623,53.7476976650747,51.2090068159425,103.8
"241",2020,"ene",107.608657325937,131.165883615789,116.138423485482,141.846245547058,44.9000236614058,41.6023492923567,54.8388689135306,50.7097573840782,104.24
"242",2020,"feb",106.860123739812,129.419218146602,115.306526468761,133.192562046941,44.2810464712319,41.0373831400269,51.1498022726485,49.7007289051655,104.94
"243",2020,"mar",112.52313417011,120.604060989122,116.690352299901,138.226159215053,44.5619368680565,42.9705515687996,52.7860723620452,46.0565114930506,105.53
"244",2020,"abr",112.002952012242,123.584368121635,120.856133863244,145.750366216457,46.0785448882569,42.7031122619997,55.56991256881,47.1187325950981,105.7
"245",2020,"may",109.229760845409,129.83017878644,117.831746012148,140.176457995909,45.0704191751097,41.7801761775815,53.6172290929681,49.659796935208,105.36
"246",2020,"jun",112.209220348966,117.712795406909,113.521844165269,138.904395586252,43.5832172988506,43.079275793687,53.3280665154422,45.1922040097022,104.97
"247",2020,"jul",112.463687603497,122.85988460547,119.164101835082,142.742639131688,45.7493884343507,43.1769706622934,54.8016419644379,47.1682704544196,104.97
"248",2020,"ago",114.025639653235,128.130552635317,114.910257284286,139.280747390465,44.120458922987,43.7808048592358,53.4776497697765,49.1964679039948,104.96
"249",2020,"sept",116.820501482881,128.335240294119,119.273309908678,139.53917176493,45.6521454014598,44.7133270943119,53.4089526272835,49.1206209882516,105.29
"250",2020,"oct",111.570595748748,128.281649264523,120.583557004726,137.8613660727,46.1799614871278,42.7282619849334,52.7968550102613,49.1281047739265,105.23
"251",2020,"nov",113.907962456169,132.859783500808,117.279007886601,139.471098464327,44.9785308129998,43.6856765034602,53.4895819196077,50.954028122217,105.08
"252",2020,"dic",113.420118838942,129.975015100143,114.730320617665,140.381903793598,43.8342047866126,43.3336252295163,53.6347243352485,49.6586377373508,105.48
"253",2021,"ene",114.05411818985,128.242777337251,113.960750074772,143.054243823011,43.3634050421425,43.3989327074966,54.4338214150443,48.7978843045152,105.91
"254",2021,"feb",113.931774316772,127.218897150959,113.598462818099,148.770214823919,42.9538192115723,43.0798508628814,56.2529523119152,48.1039740587696,106.58
"255",2021,"mar",108.558095039608,133.179309327492,118.454243739642,138.04012624168,44.5640965525354,40.8410309008235,51.9325717656806,50.1038663732069,107.12
"256",2021,"abr",115.559841563389,132.834839857724,117.807770423517,140.689562272019,44.0576572760554,43.2169786099164,52.6149717850999,49.6774688777493,107.76
"257",2021,"may",114.811082634355,125.590378715447,118.456259743116,142.418596849633,43.8605959908818,42.5109025189684,52.7330894252134,46.5021339786155,108.84
"258",2021,"jun",111.537214732498,130.883487217214,119.637926681662,146.241094396062,44.3225633873045,41.3214722717382,54.1783057929884,48.4887344627113,108.78
"259",2021,"jul",112.85165208252,123.143985248687,116.611118243784,146.691927149078,43.0587141765119,41.6705294019202,54.1660680237113,45.4709786102445,109.14
"260",2021,"ago",115.314963512326,123.532766143646,120.69935356066,144.823419888025,44.3731431170827,42.3936601856116,53.241961516944,45.4148009084925,109.62
"261",2021,"sept",115.075055975039,124.579339589977,119.845245127058,146.39245154328,43.8909794494768,42.1439908741735,53.613375110816,45.6247490501279,110.04
"262",2021,"oct",114.358126791606,123.236956218057,120.241223420264,141.677717448871,44.0279965821972,41.8738189142441,51.8772670651417,45.1249258185325,110.06
"263",2021,"nov",110.90602202033,127.032242673464,114.495948224654,144.177560033326,41.7195905375547,40.4115071195235,52.5348613864652,46.2875169958463,110.6
"264",2021,"dic",114.224762130911,127.554220499385,117.050284716618,140.906637176335,42.3402430130123,41.318175333235,50.9697287335634,46.1397997138964,111.41
"265",2022,"ene",114.105872286491,128.610925140288,117.072825850599,144.353604674068,41.6566738634924,40.6009769834504,51.3636788660159,45.7621427084019,113.26
"266",2022,"feb",116.000190489299,124.267861762287,118.95762037586,141.960557118247,41.6470515259069,40.6116556052363,49.7003774812384,43.5061665278444,115.11
"267",2022,"mar",112.28322685041,126.856013028361,115.004966959227,144.903926089251,39.8649593020543,38.9215038884528,50.2290402666163,43.9729685622136,116.26
"268",2022,"abr",121.21804162827,136.631446398395,116.680978775526,146.727911923199,39.9476972615214,41.5010371049128,50.2347706270062,46.7780756932741,117.71
"269",2022,"may",113.855400081404,121.751429842796,120.952747148939,146.38680724236,41.0648332780306,38.6552032289854,49.699985946648,41.335995136181,118.7
"270",2022,"jun",115.939672544024,128.835062276407,119.164780281218,150.22740515994,40.250948330677,39.161585814468,50.7431433068944,43.5173330797016,119.31
"271",2022,"jul",113.44031882406,128.305755326631,125.128111949213,142.915930283226,41.9278532597763,38.0115144974607,47.8881848375657,42.992616110944,120.27
"272",2022,"ago",117.821200974904,127.310150033379,119.79289754888,149.301380456625,39.7337758948138,39.0797892945566,49.5213632296461,42.2271526448163,121.5
"273",2022,"sept",115.88847797742,126.231274941629,120.401041631394,144.6503327399,39.5674955373497,38.0845279498494,47.5365604616974,41.4834900118051,122.63
"274",2022,"oct",117.472330972968,126.210549965828,114.979729316584,149.466689455548,37.5166633589048,38.3299727812372,48.7693918310954,41.1811607450642,123.51
"275",2022,"nov",110.228347773343,129.561832974475,119.322303867926,147.644417421536,38.6364201018595,35.6918079323938,47.8070867916431,41.9519674503562,124.46
"276",2022,"dic",117.85465969945,134.189989221281,119.07358240171,150.226845581816,38.0755801855822,37.6858112027917,48.0373076009456,42.909280057269,126.03
"277",2023,"ene",117.035588303793,125.563262614062,120.238726667971,150.714169089456,37.7767263172935,36.7703610247358,47.3515320363693,39.4495944752999,128.27
"278",2023,"feb",117.566760272652,133.229555358431,119.838588098777,149.80896197755,37.0360053710179,36.333899071993,46.2983218381537,41.1744714796379,130.4
"279",2023,"mar",115.10479542486,129.890031326866,122.280979613608,152.374640443015,37.3979166610639,35.2031817228645,46.6016392946308,39.7250380395592,131.77
"280",2023,"abr",117.01764378164,137.059429715526,121.354656007198,146.091150369968,36.8267517853167,35.5106253343379,44.33338373426,41.5925829633711,132.8
"281",2023,"may",117.860316613017,125.718557130902,117.331255683515,148.320441373357,35.4509641928748,35.6108169103658,44.8141684461411,37.9851390941323,133.38
"282",2023,"jun",116.168882251085,123.745975322581,120.120129025023,153.00322857531,36.1850889498312,34.9948120400561,46.0908215845791,37.2773419457318,133.78
"283",2023,"jul",118.083288250613,123.905058707236,128.404072003688,146.636027605954,38.4877954760031,35.394247054665,43.9526360172551,37.1392626694057,134.45
"284",2023,"ago",119.766451828584,124.707247966335,120.120542187064,153.09608929931,35.7549143226139,35.6495162766225,45.5703700329582,37.120186816185,135.39
"285",2023,"sept",117.722526360744,131.195832027384,121.601656266132,157.237815759546,36.0043108333341,34.8557623417676,46.5556092506774,38.8449932459304,136.11
"286",2023,"oct",114.512652168692,125.495961798988,119.798314732697,151.424512317164,35.3819866891,33.8208859098445,44.7226665180046,37.0647655588071,136.45
"287",2023,"nov",116.780330949383,135.505214908074,116.056825845333,149.501150566379,34.1169310786121,34.3296180411419,43.948474489934,39.8341247413771,137.09
"288",2023,"dic",123.163389986718,131.066313435324,115.900469500741,150.708108103186,33.9151097943643,36.0404052894622,44.1006154266513,38.3529801876529,137.72
"289",2024,"ene",101.886196264569,98.7111449176669,105.822301940549,166.096949467976,30.6852695942159,29.5439178979863,48.1630958667393,28.6232489579938,138.98
